scene,method,delta_psnr,delta_ssim,delta_lpips,delta_gs_num,qcgi
bicycle,dino_i050_full,0.05776786804199219,0.005586147308349609,-0.00885656476020813,49857.0,0.16391663801002504
flowers,dino_i050_until8000,0.041385650634765625,0.0010445117950439453,0.0011609792709350586,-7395.0,0.05647099018096924
garden,residual_orientation,0.01857757568359375,0.00020688772201538086,-1.54152512550354e-05,-9207.0,0.022792406380176544
stump,dino_i050_until8000,0.027753829956054688,0.0022251009941101074,-0.005804106593132019,76991.0,0.024285382803916927
treehill,residual_orientation,0.04095268249511719,-2.9742717742919922e-05,-0.00013849139213562012,467.0,0.04058328510093689
room,residual_orientation,0.02455902099609375,0.00011718273162841797,0.00020173192024230957,-2722.0,0.02589401602745056
counter,depth_auto_topk,0.06933403015136719,0.00021666288375854492,-0.00012312829494476318,354.0,0.07392892930126191
kitchen,depth_auto_topk,0.15990447998046875,0.0005849599838256836,-0.0008847489953041077,2410.0,0.17361742463350296
bonsai,phase0,0.0,0.0,0.0,0.0,0.0
